id,make_id,name,generation,first,last
1,1,80,B1,1972,1978
2,1,80,B2,1979,1986
3,1,80,B3,1987,1991
4,1,80,B4,1992,1996
5,1,90,B1,1972,1978
6,1,90,B2,1979,1986
7,1,90,B3,1987,1991
8,1,90,B4,1992,1996
9,1,4000,B1,1972,1978
10,1,4000,B2,1979,1986
11,1,4000,B3,1987,1991
12,1,4000,B4,1992,1996
13,1,100,C1,1968,1976
14,1,100,C2,1977,1982
15,1,100,C3,1983,1991
16,1,100,C4,1992,1994
17,1,200,C2,1980,1982
18,1,200,C3,1983,1991
19,1,5000,C2,1978,1982
20,1,5000,C3,1983,1988
21,1,Coupe,B2,1980,1988
22,1,Coupe,B3,1989,1991
23,1,Cabriolet,B3,1992,2000
24,1,A3,8P,2003,2012
25,1,A3,8V,2013,2021
26,1,A4,B5,1994,2001
27,1,A4,B6,2002,2006
28,1,A4,B7,2007,2009
29,1,A4,B8,2010,2016
30,1,A4,B9,2017,2021
31,1,A5,B8,2007,2016
32,1,A5,B9,2017,2021
33,1,A6,C4,1994,1997
34,1,A6,C5,1998,2004
35,1,A6,C6,2005,2011
36,1,A6,C7,2012,2018
37,1,A6,C8,2019,2021
38,1,A7,C7,2010,2018
39,1,A7,C8,2019,2021
40,1,A8,D2,1994,2002
41,1,A8,D3,2003,2009
42,1,A8,D4,2010,2017
43,1,A8,D5,2018,2021
44,1,S3,8P,2006,2013
45,1,S3,8V,2014,2021
46,1,S4,C4,1991,1994
47,1,S4,B5,1997,2002
48,1,S4,B6,2003,2005
49,1,S4,B7,2006,2009
50,1,S4,B8,2010,2016
51,1,S4,B9,2017,2021
52,1,S5,B8,2007,2016
53,1,S5,B9,2017,2021
54,1,S6,C4,1994,1997
55,1,S6,C5,1999,2003
56,1,S6,C6,2006,2011
57,1,S6,C7,2012,2018
58,1,S6,C8,2019,2021
59,1,S7,C7,2012,2017
60,1,S7,C8,2019,2021
61,1,S8,D2,1996,2003
62,1,S8,D3,2006,2010
63,1,S8,D4,2012,2018
64,1,S8,D5,2019,2021
65,1,RS3,8P,2011,2012
66,1,RS3,8V,2015,2021
67,1,RS4,B5,1999,2001
68,1,RS4,B7,2006,2008
69,1,RS4,B8,2012,2015
70,1,RS4,B9,2017,2021
71,1,RS5,B8,2010,2015
72,1,RS5,B9,2017,2021
73,1,RS6,C5,2002,2004
74,1,RS6,C6,2008,2010
75,1,RS6,C7,2013,2018
76,1,RS6,C8,2019,2021
77,1,RS7,C7,2013,2018
78,1,RS7,C8,2019,2021
79,1,R8,MK1,2006,2015
80,1,R8,Mk2,2016,2021
81,1,Q3,8U,2011,2018
82,1,Q3,F3,2019,2021
83,1,Q5,B8,2008,2017
84,1,Q5,B9,2018,2021
85,1,Q7,4L,2005,2015
86,1,Q7,4M,2016,2021
87,1,Q8,4M,2018,2021
88,1,SQ5,B8,2013,2017
89,1,SQ5,B9,2018,2021
90,1,SQ7,4L,2005,2015
91,1,SQ7,4M,2016,2021
92,1,SQ8,4M,2019,2021
93,1,RS Q8,4M,2020,2021
94,1,TT,MK1,1998,2006
95,1,TT,MK2,2007,2014
96,1,TT,MK3,2015,2021
97,1,TTS,MK2,2009,2014
98,1,TTS,MK3,2015,2021
99,1,TTRS,MK2,2010,2014
100,1,TTRS,MK3,2015,2021
101,1,A4 Allroad,B8,2010,2016
102,1,A4 Allroad,B9,2017,2021
103,1,A6 Allroad,C5,1998,2004
104,1,A6 Allroad,C8,2019,2021
105,2,128i,E8X,2004,2013
106,2,135i,E8X,2004,2013
107,2,228i,F2X,2014,2021
108,2,228i xDrive,F2X,2014,2021
109,2,230i,F2X,2014,2021
110,2,230i xDrive,F2X,2014,2021
111,2,M235i,F2X,2014,2021
112,2,M235i xDrive,F2X,2014,2021
113,2,M240i,F2X,2014,2021
114,2,M240i xDrive,F2X,2014,2021
115,2,228i,F44,2019,2021
116,2,228i xDrive,F44,2019,2021
117,2,M235i xDrive,F44,2019,2021
118,2,318i,E21,1975,1983
119,2,320i,E21,1975,1983
120,2,318i,E30,1984,1991
121,2,318is,E30,1991,1991
122,2,325e,E30,1985,1988
123,2,325es,E30,1985,1988
124,2,325i,E30,1985,1991
125,2,325is,E30,1985,1991
126,2,325ix,E30,1985,1991
127,2,318i,E36,1991,1998
128,2,318ic,E36,1991,1998
129,2,318is,E36,1993,1998
130,2,318ti,E36,1995,1998
131,2,323i,E36,1996,1998
132,2,323ic,E36,1996,1998
133,2,323is,E36,1996,1998
134,2,325i,E36,1992,1995
135,2,325ic,E36,1992,1995
136,2,325is,E36,1992,1995
137,2,328i,E36,1996,1998
138,2,328ic,E36,1996,1998
139,2,328is,E36,1996,1998
140,2,323i,E46,1999,2000
141,2,323Ci,E46,1999,2000
142,2,325i,E46,2001,2005
143,2,325Ci,E46,2001,2005
144,2,325xi,E46,2001,2005
145,2,328i,E46,1999,2000
146,2,328Ci,E46,1999,2000
147,2,328xi,E46,1999,2000
148,2,330i,E46,2001,2005
149,2,330Ci,E46,2001,2005
150,2,330xi,E46,2001,2005
151,2,325i,E9X,2006,2012
152,2,325xi,E9X,2006,2012
153,2,328i,E9X,2008,2012
154,2,328xi,E9X,2008,2012
155,2,330i,E9X,2006,2012
156,2,330xi,E9X,2006,2012
157,2,335d,E9X,2006,2012
158,2,335i,E9X,2006,2012
159,2,335xi,E9X,2006,2012
160,2,335is,E9X,2011,2012
161,2,320i,F3X,2013,2018
162,2,320i xDrive,F3X,2013,2018
163,2,328d,F3X,2015,2015
164,2,328d xDrive,F3X,2015,2015
165,2,328i,F3X,2013,2015
166,2,328i xDrive,F3X,2013,2015
167,2,328i GT xDrive,F3X,2013,2015
168,2,330e,F3X,2016,2018
169,2,330i,F3X,2016,2018
170,2,330i xDrive,F3X,2016,2018
171,2,330i GT xDrive,F3X,2016,2018
172,2,335i,F3X,2013,2015
173,2,335i xDrive,F3X,2013,2015
174,2,335i GT xDrive,F3X,2013,2015
175,2,340i,F3X,2016,2018
176,2,340i xDrive,F3X,2016,2018
177,2,340i GT xDrive,F3X,2016,2018
178,2,ActiveHybrid 3,F3X,2013,2015
179,2,330i,G20,2019,2021
180,2,330i xDrive,G20,2019,2021
181,2,M340i,G20,2019,2021
182,2,M340i xDrive,G20,2019,2021
183,2,428i,F3X,2013,2015
184,2,428i xDrive,F3X,2013,2015
185,2,428i Gran Coupe,F3X,2013,2015
186,2,428i xDrive Gran Coupe,F3X,2013,2015
187,2,430i,F3X,2016,2021
188,2,430i xDrive,F3X,2016,2021
189,2,430i Gran Coupe,F3X,2016,2021
190,2,430i xDrive Gran Coupe,F3X,2016,2021
191,2,435i,F3X,2013,2015
192,2,435i xDrive,F3X,2013,2015
193,2,435i Gran Coupe,F3X,2013,2015
194,2,435i xDrive Gran Coupe,F3X,2013,2015
195,2,440i,F3X,2016,2021
196,2,440i xDrive,F3X,2016,2021
197,2,440i Gran Coupe,F3X,2016,2021
198,2,440i xDrive Gran Coupe,F3X,2016,2021
199,2,525i,E12,1974,1981
200,2,528i,E12,1974,1978
201,2,530i,E12,1975,1978
202,2,533i,E12,1974,1979
203,2,524td,E28,1983,1988
204,2,525i,E28,1982,1987
205,2,528i,E28,1982,1987
206,2,528e,E28,1982,1988
207,2,533i,E28,1982,1984
208,2,535i,E28,1986,1988
209,2,524td,E34,1989,1991
210,2,525i,E34,1989,1995
211,2,525iT,E34,1989,1995
212,2,530i,E34,1989,1995
213,2,535i,E34,1989,1992
214,2,540i,E34,1993,1996
215,2,525i,E39,2001,2003
216,2,525iT,E39,2001,2003
217,2,528i,E39,1996,2001
218,2,530i,E39,2000,2003
219,2,535i,E39,1996,2003
220,2,540i,E39,1996,2003
221,2,535d,E60,2004,2010
222,2,535d xDrive,E60,2004,2010
223,2,525i,E60,2004,2010
224,2,528i,E60,2008,2010
225,2,528i xDrive,E60,2008,2010
226,2,530i,E60,2004,2010
227,2,530i xDrive,E60,2004,2010
228,2,535i,E60,2008,2010
229,2,535i xDrive,E60,2008,2010
230,2,540i,E60,2006,2010
231,2,540i xDrive,E60,2006,2010
232,2,545i,E60,2004,2005
233,2,550i,E60,2006,2010
234,2,550i xDrive,E60,2006,2010
235,2,528i,F10-07,2011,2016
236,2,528i xDrive,F10-07,2011,2016
237,2,530i,F10-07,2012,2013
238,2,530i xDrive,F10-07,2012,2013
239,2,535d xDrive,F10-07,2012,2013
240,2,535i,F10-07,2011,2017
241,2,535i xDrive,F10-07,2011,2017
242,2,535i GT,F10-07,2011,2017
243,2,535i GT xDrive,F10-07,2011,2017
244,2,550i,F10-07,2011,2017
245,2,550i xDrive,F10-07,2011,2017
246,2,550i GT,F10-07,2011,2017
247,2,550i GT xDrive,F10-07,2011,2017
248,2,ActiveHybrid 5,F10-07,2012,2016
249,2,M550i xDrive,F10-07,2011,2017
250,2,530i,G30,2018,2021
251,2,530i xDrive,G30,2018,2021
252,2,530e,G30,2018,2021
253,2,530e xDrive,G30,2018,2021
254,2,540i,G30,2018,2021
255,2,540i xDrive,G30,2018,2021
256,2,M550i xDrive,G30,2018,2021
257,2,630CSi,E24,1977,1977
258,2,633CSi,E24,1977,1984
259,2,635CSi,E24,1979,1989
260,2,645Ci,E6X,2005,2005
261,2,650i,E6X,2007,2010
262,2,650i xDrive,E6X,2007,2010
263,2,640i,F06-1X,2011,2017
264,2,640i xDrive,F06-1X,2011,2017
265,2,640i Gran Coupe,F06-1X,2011,2017
266,2,640i xDrive Gran Coupe,F06-1X,2011,2017
267,2,650i,F06-1X,2011,2017
268,2,650i xDrive,F06-1X,2011,2017
269,2,650i Gran Coupe,F06-1X,2011,2017
270,2,650i xDrive Gran Coupe,F06-1X,2011,2017
271,2,640i,G32,2018,2021
272,2,640i xDrive,G32,2018,2021
273,2,640i xDrive Gran Turismo,G32,2018,2021
274,2,733i,E23,1979,1984
275,2,735i,E23,1986,1987
276,2,745i,E23,1985,1986
277,2,L7,E23,1985,1986
278,2,735i,E32,1987,1992
279,2,735iL,E32,1987,1992
280,2,740i,E32,1993,1994
281,2,740iL,E32,1993,1994
282,2,750i,E32,1988,1994
283,2,750iL,E32,1988,1994
284,2,735i,E38,1997,2001
285,2,735iL,E38,1997,2001
286,2,740i,E38,1995,2001
287,2,740iL,E38,1995,2001
288,2,750i,E38,1996,2001
289,2,750iL,E38,1996,2001
290,2,L7,E38,1997,2001
291,2,735i,E6X,2002,2004
292,2,740i,E6X,2005,2008
293,2,740Li,E6X,2005,2008
294,2,745i,E6X,2002,2004
295,2,745Li,E6X,2002,2004
296,2,750i,E6X,2005,2008
297,2,750Li,E6X,2005,2008
298,2,760i,E6X,2003,2008
299,2,760Li,E6X,2003,2008
300,2,Alpina B7,E6X,2005,2008
301,2,740i,F0X,2009,2015
302,2,740Li,F0X,2009,2015
303,2,740Ld xDrive,F0X,2010,2015
304,2,750i,F0X,2009,2015
305,2,750Li,F0X,2009,2015
306,2,760i,F0X,2010,2015
307,2,760Li,F0X,2010,2015
308,2,ActiveHybrid 7,F0X,2011,2015
309,2,Alpina B7,F0X,2011,2015
310,2,Alpina B7 xDrive,F0X,2011,2015
311,2,Alpina B7L,F0X,2011,2015
312,2,Alpina B7L xDrive,F0X,2011,2015
313,2,740i,G1X,2019,2021
314,2,740Li,G1X,2019,2021
315,2,740e xDrive,G1X,2016,2019
316,2,740Ld xDrive,G1X,2016,2021
317,2,750i,G1X,2019,2021
318,2,750Li,G1X,2019,2021
319,2,Alpina B7,G1X,2017,2021
320,2,Alpina B7 xDrive,G1X,2017,2021
321,2,Alpina B7L,G1X,2017,2021
322,2,Alpina B7L xDrive,G1X,2017,2021
323,2,M760i xDrive,G1X,2017,2021
324,2,840Ci,E31,1993,1999
325,2,850Ci,E31,1991,1999
326,2,850CSi,E31,1993,1996
327,2,840i,G1X,2020,2021
328,2,850i,G1X,2020,2021
329,2,M850i xDrive,G1X,2019,2021
330,2,1M Coupe,E82,2011,2012
331,2,M2,F87,2016,2020
332,2,M3,E30,1986,1991
333,2,M3,E36,1992,1998
334,2,M3,E46,2000,2005
335,2,M3,E9X,2007,2012
336,2,M3,F80,2015,2018
337,2,M3,G80,2021,2021
338,2,M4,F8X,2014,2020
339,2,M4,G82,2021,2021
340,2,M5,E28,1984,1988
341,2,M5,E34,1989,1995
342,2,M5,E39,1998,2003
343,2,M5,E60,2004,2010
344,2,M5,F40,2011,2016
345,2,M5,F90,2018,2021
346,2,M6,E24,1983,1989
347,2,M6,E6X,2005,2010
348,2,M6,F06-1X,2012,2018
349,2,M8,F9X,2019,2021
350,2,X1,E84,2009,2015
351,2,X1,F48,2016,2021
352,2,X2,F39,2018,2021
353,2,X3,E83,2003,2010
354,2,X3,F25,2011,2017
355,2,X3,G01,2018,2021
356,2,X3 M,F97,2019,2021
357,2,X4,F26,2015,2018
358,2,X4,G02,2019,2021
359,2,X4 M,F98,2019,2021
360,2,X5,E53,1999,2006
361,2,X5,E70,2007,2013
362,2,X5,F15,2014,2018
363,2,X5,G05,2019,2021
364,2,X5 M,F85,2014,2018
365,2,X5 M,F95,2020,2021
366,2,X6,E71,2008,2014
367,2,X6,F16,2015,2019
368,2,X6,G06,2020,2021
369,2,X6 M,F86,2014,2018
370,2,X6 M,F96,2019,2021
371,2,X7,G07,2019,2021
372,2,Z3 1.8,E36-7,1996,2000
373,2,Z3 1.9i,E36-7,1996,2002
374,2,Z3 2.0,E36-7,2000,2000
375,2,Z3 2.2i,E36-7,2001,2002
376,2,Z3 2.3,E36-7,1999,2000
377,2,Z3 2.5,E36-7,2001,2002
378,2,Z3 2.8,E36-7,1998,2000
379,2,Z3 3.0i,E36-7,2001,2002
380,2,Z3 M,E36-7,1996,2002
381,2,Z4 2.0i,E8X,2006,2008
382,2,Z4 2.2i,E8X,2003,2005
383,2,Z4 2.5i,E8X,2003,2008
384,2,Z4 3.0i,E8X,2003,2008
385,2,Z4 M,E8X,2006,2008
386,2,Z4 sDrive18i,E89,2014,2016
387,2,Z4 sDrive20i,E89,2012,2016
388,2,Z4 sDrive23i,E89,2009,2011
389,2,Z4 sDrive28i,E89,2012,2016
390,2,Z4 sDrive30i,E89,2009,2011
391,2,Z4 sDrive35i,E89,2009,2016
392,2,Z4 sDrive35is,E89,2010,2016
393,2,Z4 sDrive20i,G29,2019,2021
394,2,Z4 sDrive30i,G29,2019,2021
395,2,Z4 M40i,G29,2019,2021
396,2,Z8,E52,2000,2003
397,3,SL,R107,1971,1989
398,3,SLC,C107,1972,1981
399,3,280S,W116,1973,1980
400,3,280SE,W116,1973,1980
401,3,280SEL,W116,1974,1980
402,3,350SE,W116,1973,1980
403,3,350SEL,W116,1973,1980
404,3,450SE,W116,1973,1980
405,3,450SEL,W116,1973,1980
406,3,450SEL 6.9,W116,1975,1980
407,3,300SD,W116,1978,1980
408,3,230,W114,1968,1976
409,3,250,W114,1968,1976
410,3,250C,W114,1968,1976
411,3,250CE,W114,1968,1972
412,3,280,W114,1972,1976
413,3,280C,W114,1972,1976
414,3,280CE,W114,1972,1976
415,3,280E,W114,1972,1976
416,3,200,W115,1968,1976
417,3,200D,W115,1968,1976
418,3,220,W115,1968,1973
419,3,220D,W115,1968,1976
420,3,240D,W115,1973,1976
421,3,300D,W115,1974,1976
422,3,200D,W123,1976,1985
423,3,220D,W123,1976,1979
424,3,240D,W123,1976,1985
425,3,240TD,W123,1978,1986
426,3,280CE,W123,1977,1985
427,3,280E,W123,1977,1985
428,3,300D,W123,1976,1985
429,3,300CD,W123,1977,1985
430,3,300TD,W123,1978,1986
431,3,300D Turbodiesel,W123,1981,1985
432,3,300CD Turbodiesel,W123,1981,1985
433,3,300TD Turbodiesel,W123,1980,1986
434,3,280S,W126.1,1979,1985
435,3,280SE,W126.1,1979,1985
436,3,280SEL,W126.1,1979,1985
437,3,380SE,W126.1,1979,1985
438,3,380SEL,W126.1,1979,1985
439,3,380SEC,W126.1,1981,1985
440,3,500SE,W126.1,1979,1985
441,3,500SEL,W126.1,1979,1985
442,3,500SEC,W126.1,1981,1985
443,3,300SD,W126.1,1979,1985
444,3,260SE,W126.2,1985,1991
445,3,300SE,W126.2,1985,1991
446,3,300SEL,W126.2,1985,1991
447,3,420SE,W126.2,1985,1991
448,3,420SEL,W126.2,1985,1991
449,3,420SEC,W126.2,1985,1991
450,3,500SE,W126.2,1985,1991
451,3,500SEL,W126.2,1985,1991
452,3,500SEC,W126.2,1985,1991
453,3,560SE,W126.2,1988,1991
454,3,560SEL,W126.2,1985,1991
455,3,560SEC,W126.2,1985,1991
456,3,560SL,R107,1985,1991
457,3,300SDL,W126.2,1985,1987
458,3,350SD,W126.2,1990,1991
459,3,350SDL,W126.2,1990,1991
460,3,230G,W460,1979,1982
461,3,230GE,W460,1972,1990
462,3,230GE 2.6 Brabus,W460,1989,1990
463,3,280GE,W460,1979,1990
464,3,280GE AMG,W460,1979,1990
465,3,240GD,W460,1979,1988
466,3,250GD,W460,1988,1991
467,3,300GD,W460,1979,1991
468,3,190,W201,1982,1993
469,3,190E,W201,1982,1993
470,3,190D,W201,1982,1993
471,3,200,W124,1985,1990
472,3,200E,W124,1993,1994
473,3,E200,W124,1994,1996
474,3,220E,W124,1992,1994
475,3,E220,W124,1994,1996
476,3,230E,W124,1985,1992
477,3,260E,W124,1985,1992
478,3,280E,W124,1993,1994
479,3,E280,W124,1994,1996
480,3,300E,W124,1985,1993
481,3,320E,W124,1992,1995
482,3,E320,W124,1994,1996
483,3,400E,W124,1992,1996
484,3,E420,W124,1994,1996
485,3,500E,W124,1991,1993
486,3,E500,W124,1994,1994
487,3,E60 AMG,W124,1993,1994
488,3,200D,W124,1986,1989
489,3,250D,W124,1986,1989
490,3,E250 Diesel,W124,1993,1996
491,3,250D Turbo,W124,1990,1993
492,3,300D Turbo,W124,1985,1993
493,3,300D,W124,1985,1993
494,3,E300 Diesel,W124,1994,1996
495,3,SL280,R129,1994,2000
496,3,300SL,R129,1989,1993
497,3,320SL,R129,1994,2001
498,3,500SL,R129,1989,1993
499,3,SL500,R129,1996,2001
500,3,600SL,R129,1993,1993
501,3,SL600,R129,1994,2001
502,3,230GE,W463.1,1990,1995
503,3,G230,W463.1,1990,1995
504,3,300GE,W463.1,1990,1994
505,3,G300,W463.1,1990,1994
506,3,G320,W463.1,1994,2006
507,3,G36 AMG,W463.1,1994,1995
508,3,500GE,W463.1,1993,1994
509,3,500GE 6.0 AMG,W463.1,1993,1993
510,3,G500,W463.1,1998,2018
511,3,G550,W463.1,2005,2018
512,3,G500 4x4,W463.1,2015,2018
513,3,G55 AMG,W463.1,2001,2012
514,3,G63 AMG (V8),W463.1,2012,2015
515,3,Mercedes-AMG G63,W463.1,2015,2018
516,3,G63 AMG (V12),W463.1,2002,2003
517,3,G65 AMG,W463.1,2012,2015
518,3,Mercedes-AMG G65,W463.1,2015,2018
519,3,G650 Landaulet,W463.1,2017,2018
520,3,250GD,W463.1,1990,1992
521,3,G270 CDI,W463.1,2002,2006
522,3,300GD,W463.1,1990,1994
523,3,G300D,W463.1,1990,1994
524,3,G300D Turbodiesel,W463.1,1996,2001
525,3,G320 CDI,W463.1,2006,2009
526,3,250GD T,W463.1,1992,1996
527,3,G350 Turbodiesel,W463.1,1992,1996
528,3,G350 CDI,W463.1,2009,2010
529,3,G350D,W463.1,2015,2018
530,3,G400 CDI,W463.1,2001,2006
531,3,300SE,W140,1991,1993
532,3,S280,W140,1993,1998
533,3,300SEL,W140,1991,1993
534,3,S320,W140,1994,1998
535,3,S320L,W140,1994,1998
536,3,S350,W140,1994,1998
537,3,400SE,W140,1991,1993
538,3,S420,W140,1993,1998
539,3,400SEL,W140,1991,1993
540,3,CL420,W140,1994,1998
541,3,500SE,W140,1991,1993
542,3,S500,W140,1993,1998
543,3,500SEL,W140,1991,1993
544,3,500SEC,W140,1992,1993
545,3,CL500,W140,1993,1998
546,3,600SE,W140,1991,1993
547,3,S600,W140,1993,1998
548,3,600SEL,W140,1991,1993
549,3,600SEC,W140,1992,1993
550,3,CL600,W140,1993,1998
551,3,300SD,W140,1991,1993
552,3,S350 Turbodiesel,W140,1993,1996
553,3,S300 Turbodiesel,W140,1996,1998
554,3,C180,W202,1994,2000
555,3,C200,W202,1994,2000
556,3,C220,W202,1994,2000
557,3,C230,W202,1994,2000
558,3,C200 Kompressor,W202,1994,2000
559,3,C230 Kompressor,W202,1994,2000
560,3,C240,W202,1994,2000
561,3,C280,W202,1994,2000
562,3,C36 AMG,W202,1994,2000
563,3,C43 AMG,W202,1994,2000
564,3,C55 AMG,W202,1994,2000
565,3,C200 Diesel,W202,1994,2000
566,3,C200 CDI,W202,1994,2000
567,3,C220 Diesel,W202,1994,2000
568,3,C220 CDI,W202,1994,2000
569,3,C250 Diesel,W202,1994,2000
570,3,C250 Turbodiesel,W202,1994,2000
571,3,E200,W210,1996,2003
572,3,E200 Kompressor,W210,1996,2003
573,3,E230,W210,1996,2003
574,3,E230 Kompressor,W210,1996,2003
575,3,E240,W210,1996,2003
576,3,E280,W210,1996,2003
577,3,E320,W210,1996,2003
578,3,E420,W210,1996,2003
579,3,E430,W210,1996,2003
580,3,E36 AMG,W210,1996,2003
581,3,E50 AMG,W210,1996,2003
582,3,E55 AMG,W210,1996,2003
583,3,E60 AMG,W210,1996,2003
584,3,E200D,W210,1996,2003
585,3,E220D,W210,1996,2003
586,3,E200 CDI,W210,1996,2003
587,3,E220 CDI,W210,1996,2003
588,3,E250D,W210,1996,2003
589,3,E270 CDI,W210,1996,2003
590,3,E290D,W210,1996,2003
591,3,E300,W210,1996,2003
592,3,E300D,W210,1996,2003
593,3,E320 CDI,W210,1996,2003
594,3,SLK200,R170,1996,2004
595,3,SLK200 Kompressor,R170,1996,2004
596,3,SLK230 Kompressor,R170,1996,2004
597,3,SLK320,R170,1996,2004
598,3,SLK32 AMG,R170,1996,2004
599,3,CLK200,C208,1997,2003
600,3,CLK200 Kompressor,C208,1997,2003
601,3,CLK230 Kompressor,C208,1997,2003
602,3,CLK320,C208,1997,2003
603,3,CLK430,C208,1997,2003
604,3,CLK55 AMG,C208,1997,2003
605,3,S280,W220,2000,2006
606,3,S280L,W220,2000,2006
607,3,S320,W220,2000,2006
608,3,S320L,W220,2000,2006
609,3,S350,W220,2000,2006
610,3,S350L,W220,2000,2006
611,3,S430,W220,2000,2006
612,3,S430L,W220,2000,2006
613,3,S500,W220,2000,2006
614,3,S500L,W220,2000,2006
615,3,S600L,W220,2000,2006
616,3,S55 AMG,W220,2000,2006
617,3,S55L AMG,W220,2000,2006
618,3,S65 AMG,W220,2000,2006
619,3,S320 CDI,W220,2000,2006
620,3,S320L CDI,W220,2000,2006
621,3,S400 CDI,W220,2000,2006
622,3,S400L CDI,W220,2000,2006
623,3,ML230,W163,1998,2005
624,3,ML320,W163,1998,2005
625,3,ML350,W163,1998,2005
626,3,ML430,W163,1998,2005
627,3,ML500,W163,1998,2005
628,3,ML55 AMG,W163,1998,2005
629,3,ML270 CDI,W163,1998,2005
630,3,ML400 CDI,W163,1998,2005
631,3,CL500,C215,1998,2006
632,3,CL600,C215,1998,2006
633,3,CL55 AMG,C215,1998,2006
634,3,CL63 AMG,C215,1998,2006
635,3,C160,W203,2001,2007
636,3,C180 Kompressor,W203,2001,2007
637,3,C200 Kompressor,W203,2001,2007
638,3,C200 CGI,W203,2001,2007
639,3,C230 Kompressor,W203,2001,2007
640,3,C230,W203,2001,2007
641,3,C240,W203,2001,2007
642,3,C280,W203,2001,2007
643,3,C320,W203,2001,2007
644,3,C350,W203,2001,2007
645,3,C32 AMG,W203,2001,2007
646,3,C55 AMG,W203,2001,2007
647,3,SL350,R230.1,2002,2006
648,3,SL500,R230.1,2002,2006
649,3,SL55 AMG,R230.1,2003,2006
650,3,SL600,R230.1,2003,2006
651,3,SL65 AMG,R230.1,2004,2006
652,3,SL350,R230.2,2006,2008
653,3,SL500,R230.2,2006,2008
654,3,SL550,R230.2,2006,2008
655,3,SL55 AMG,R230.2,2006,2008
656,3,SL600,R230.2,2006,2008
657,3,SL65 AMG,R230.2,2006,2008
658,3,SL280,R230.3,2008,2009
659,3,SL300,R230.3,2009,2012
660,3,SL350,R230.3,2008,2012
661,3,SL500,R230.3,2008,2012
662,3,SL550,R230.3,2008,2012
663,3,SL63 AMG,R230.3,2008,2012
664,3,SL600,R230.3,2008,2009
665,3,SL65 AMG,R230.3,2008,2012
666,3,SL65 AMG Black,R230.3,2008,2012
667,3,CLK200 Kompressor,C209,2002,2010
668,3,CLK200 CGI,C209,2003,2005
669,3,CLK240,C209,2002,2005
670,3,CLK280,C209,2005,2010
671,3,CLK320,C209,2002,2005
672,3,CLK350,C209,2005,2010
673,3,CLK500,C209,2002,2006
674,3,CLK550,C209,2007,2010
675,3,CLK55 AMG,C209,2002,2006
676,3,CLK63 AMG,C209,2006,2010
677,3,CLK63 AMG Black,C209,2007,2009
678,3,CLK220 CDI,C209,2005,2009
679,3,CLK270 CDI,C209,2002,2005
680,3,CLK320 CDI,C209,2005,2010
681,3,E200 CDI,W211,2003,2009
682,3,E220 CDI,W211,2003,2009
683,3,E270 CDI,W211,2003,2009
684,3,E280 CDI,W211,2003,2009
685,3,E300 BlueTEC,W211,2003,2009
686,3,E320 BlueTEC,W211,2003,2009
687,3,E320 CDI,W211,2003,2009
688,3,E400 CDI,W211,2003,2009
689,3,E420 CDI,W211,2003,2009
690,3,E200 Kompressor,W211,2003,2009
691,3,E230,W211,2003,2009
692,3,E240,W211,2003,2009
693,3,E280,W211,2003,2009
694,3,E320,W211,2003,2009
695,3,E350,W211,2003,2009
696,3,E350 CGI,W211,2003,2009
697,3,E500,W211,2003,2009
698,3,E55 AMG,W211,2003,2009
699,3,E63 AMG,W211,2003,2009
700,3,SLR McLaren,Z199,2003,2009
701,3,CLS280,C219,2008,2009
702,3,CLS300,C219,2009,2010
703,3,CLS350,C219,2004,2006
704,3,CLS350 CGI,C219,2006,2010
705,3,CLS500,C219,2004,2006
706,3,CLS550,C219,2007,2010
707,3,CLS55 AMG,C219,2004,2006
708,3,CLS63 AMG,C219,2006,2010
709,3,CLS320 CDI,C219,2005,2010
710,3,CLS350 CDI,C219,2007,2010
711,3,SLK200 Kompressor,R171,2004,2011
712,3,SLK280,R171,2005,2008
713,3,SLK300,R171,2009,2011
714,3,SLK350,R171,2004,2011
715,3,SLK55 AMG,R171,2004,2011
716,3,SLK55 AMG Black,R171,2006,2008
717,3,S280,W221,2007,2013
718,3,S300,W221,2007,2013
719,3,S350,W221,2005,2009
720,3,S400,W221,2009,2013
721,3,S400 Hybrid,W221,2009,2013
722,3,S450,W221,2006,2013
723,3,S500,W221,2005,2013
724,3,S550,W221,2005,2013
725,3,S600,W221,2006,2013
726,3,S63 AMG,W221,2006,2013
727,3,S65 AMG,W221,2006,2013
728,3,S300 CDI,W221,2009,2013
729,3,S320 CDI,W221,2006,2009
730,3,S350 CDI,W221,2009,2013
731,3,S420 CDI,W221,2006,2009
732,3,S450 CDI,W221,2009,2011
733,3,ML230,W164,2006,2011
734,3,ML320,W164,2006,2011
735,3,ML350,W164,2006,2011
736,3,ML430,W164,2006,2011
737,3,ML500,W164,2006,2011
738,3,ML55 AMG,W164,2006,2011
739,3,ML270 CDI,W164,2006,2011
740,3,ML400 CDI,W164,2006,2011
741,3,GL450,X164,2006,2012
742,3,GL500,X164,2006,2012
743,3,GL550,X164,2006,2012
744,3,GL320 CDI,X164,2006,2009
745,3,GL350 CDI,X164,2009,2012
746,3,GL350 CDI BlueTEC,X164,2009,2012
747,3,GL420 CDI,X164,2006,2009
748,3,GL450 CDI,X164,2009,2010
749,3,CL500,C216,2006,2014
750,3,CL550,C216,2006,2014
751,3,CL600,C216,2006,2014
752,3,CL63 AMG,C216,2006,2014
753,3,CL65 AMG,C216,2006,2014
754,3,C180 Kompressor,W204.1,2007,2010
755,3,C180,W204.1,2010,2015
756,3,C200 Kompressor,W204.1,2007,2010
757,3,C200,W204.1,2010,2015
758,3,C230,W204.1,2007,2009
759,3,C250,W204.1,2008,2010
760,3,C280,W204.1,2007,2009
761,3,C300,W204.1,2009,2011
762,3,C350,W204.1,2007,2015
763,3,C63 AMG,W204.1,2007,2015
764,3,C180 CDI,W204.1,2010,2014
765,3,C200 CDI,W204.1,2007,2014
766,3,C220 CDI,W204.1,2007,2015
767,3,C250 CDI,W204.1,2009,2014
768,3,C320 CDI,W204.1,2007,2009
769,3,C350 CDI,W204.1,2009,2014
770,3,C180,W204.2,2011,2014
771,3,C200,W204.2,2011,2014
772,3,C250,W204.2,2011,2014
773,3,C300,W204.2,2012,2014
774,3,C350,W204.2,2011,2014
775,3,C63 AMG,W204.2,2011,2015
776,3,C63 AMG Coupe Black,W204.2,2011,2015
777,3,C180 CDI,W204.2,2011,2014
778,3,C200 CDI,W204.2,2011,2014
779,3,C220 CDI,W204.2,2011,2014
780,3,C250 CDI,W204.2,2011,2015
781,3,C300 CDI,W204.2,2011,2014
782,3,C350 CDI,W204.2,2011,2014
783,3,GLK280,X204,2008,2009
784,3,GLK300,X204,2009,2011
785,3,GLK350,X204,2008,2015
786,3,GLK200 CDI,X204,2010,2015
787,3,GLK220 CDI,X204,2009,2015
788,3,GLK250 CDI,X204,2009,2015
789,3,GLK320 CDI,X204,2008,2009
790,3,GLK350 CDI,X204,2009,2012
791,3,E200 CGI,W212,2009,2016
792,3,E250 CGI,W212,2009,2016
793,3,E300,W212,2009,2016
794,3,E350,W212,2009,2016
795,3,E550,W212,2009,2016
796,3,E63 AMG,W212,2009,2016
797,3,E200 CDI,W212,2009,2016
798,3,E220 CDI,W212,2009,2016
799,3,E250 CDI,W212,2009,2016
800,3,E300 CDI,W212,2010,2016
801,3,E350 CDI,W212,2009,2016
802,3,SLS AMG,R197,2010,2015
803,3,SLS AMG GT,R197,2012,2015
804,3,SLS AMG Coupe Black,R197,2013,2015
805,3,SLS AMG Coupe Electric,R197,2013,2013
806,3,CLS350,C218,2011,2014
807,3,CLS400,C218,2014,2017
808,3,CLS500,C218,2011,2017
809,3,CLS63 AMG,C218,2011,2017
810,3,CLS63 S AMG,C218,2013,2017
811,3,CLS220,C218,2014,2017
812,3,CLS250 CDI,C218,2011,2014
813,3,CLS250 BlueTEC,C218,2014,2017
814,3,CLS350 CDI,C218,2011,2014
815,3,CLS350 BlueTEC,C218,2014,2017
816,3,SLK200,R172,2011,2015
817,3,SLC200,R172,2015,2020
818,3,SLK250,R172,2011,2015
819,3,SLC300,R172,2015,2020
820,3,SLK350,R172,2011,2015
821,3,SLK55 AMG,R172,2012,2015
822,3,SLC43 AMG,R172,2015,2020
823,3,SLK250 CDI,R172,2012,2020
824,3,GL350,X166,2014,2019
825,3,GL450,X166,2013,2019
826,3,GL550,X166,2012,2019
827,3,GL63 AMG,X166,2013,2019
828,3,GL350 BlueTEC,X166,2012,2019
829,3,SL350,R231,2012,2014
830,3,SL400,R231,2014,2021
831,3,SL450,R231,2017,2021
832,3,SL500,R231,2012,2021
833,3,SL550,R231,2012,2021
834,3,SL63 AMG,R231,2012,2019
835,3,SL65 AMG,R231,2012,2018
836,3,S400,W222,2013,2017
837,3,S450,W222,2017,2020
838,3,S400 Hybrid,W222,2013,2020
839,3,S500,W222,2013,2018
840,3,S550,W222,2013,2017
841,3,S550 Hybrid,W222,2013,2017
842,3,S560,W222,2017,2020
843,3,S500 Hybrid,W222,2014,2020
844,3,S600,W222,2014,2020
845,3,S63 AMG,W222,2013,2020
846,3,S65 AMG,W222,2014,2019
847,3,S300 BlueTEC Hybrid,W222,2014,2020
848,3,S350 BlueTEC,W222,2013,2020
849,3,CLA180,C117,2013,2018
850,3,CLA200,C117,2013,2018
851,3,CLA220,C117,2016,2018
852,3,CLA250,C117,2013,2018
853,3,CLA45 AMG,C117,2013,2019
854,3,CLA180 CDI,C117,2013,2018
855,3,CLA200 CDI,C117,2013,2018
856,3,CLA220 CDI,C117,2013,2018
857,3,GLA180,X156,2015,2021
858,3,GLA200,X156,2013,2021
859,3,GLA220,X156,2017,2021
860,3,GLA250,X156,2013,2021
861,3,GLA45 AMG,X156,2014,2021
862,3,GLA180D,X156,2014,2018
863,3,GLA200D,X156,2013,2019
864,3,GLA220D,X156,2013,2019
865,3,C180,W205,2014,2021
866,3,C200,W205,2014,2021
867,3,C250,W205,2014,2021
868,3,C300,W205,2014,2021
869,3,C350 Hybrid,W205,2015,2021
870,3,C400,W205,2015,2021
871,3,C450 AMG,W205,2015,2021
872,3,C43 AMG,W205,2016,2021
873,3,C63 AMG,W205,2014,2021
874,3,C63 S AMG,W205,2014,2021
875,3,C220 BlueTEC,W205,2014,2021
876,3,C250 BlueTEC,W205,2014,2021
877,3,C300 BlueTEC Hybrid,W205,2015,2021
878,3,AMG GT,R190,2015,2019
879,3,AMG GT S,R190,2015,2019
880,3,AMG GT C,R190,2017,2019
881,3,AMG GT R,R190,2017,2019
882,3,AMG GT Roadster,R190,2017,2021
883,3,AMG GT C Roadster,R190,2017,2021
884,3,AMG GT Black,R190,2021,2021
885,3,GLC63 S AMG,X253,2016,2021
886,3,GLC63 AMG,X253,2016,2021
887,3,GLC43 AMG,X253,2016,2021
888,3,GLC300,X253,2016,2021
889,3,GLC350e,X253,2016,2021
890,3,GLC250,X253,2016,2021
891,3,GLC200,X253,2016,2021
892,3,GLC350D,X253,2016,2021
893,3,GLC250D,X253,2016,2021
894,3,GLC220D,X253,2016,2021
895,3,E200,W213,2016,2021
896,3,E250,W213,2016,2020
897,3,E300,W213,2016,2021
898,3,E300e,W213,2019,2021
899,3,E350,W213,2019,2021
900,3,E350e,W213,2016,2020
901,3,E400,W207,2015,2018
902,3,E450,W213,2019,2021
903,3,E43 AMG,W213,2016,2018
904,3,E53 AMG,W213,2018,2021
905,3,E63 AMG,W213,2016,2021
906,3,E63 S AMG,W213,2016,2021
907,3,E200D,W213,2016,2021
908,3,E220D,W213,2016,2021
909,3,E300De,W213,2018,2021
910,3,E350D,W213,2016,2021
911,3,E400D,W213,2018,2021
912,3,CLS300,C257,2019,2021
913,3,CLS350,C257,2018,2021
914,3,CLS450,C257,2018,2021
915,3,CLS53 AMG,C257,2018,2021
916,3,CLS220D,C257,2019,2021
917,3,CLS300D,C257,2018,2021
918,3,CLS350D,C257,2018,2021
919,3,CLS400D,C257,2018,2021
920,3,AMG GT 43,X290,2018,2019
921,3,AMG GT 53,X290,2018,2019
922,3,AMG GT 63,X290,2018,2019
923,3,AMG GT 63 S,X290,2018,2019
924,3,AMG GT 73 EQ ,X290,2018,2019
925,3,G500,W463.2,2018,2021
926,3,G550,W463.2,2018,2021
927,3,G550 4x4,W463.2,2018,2021
928,3,G63 AMG,W463.2,2018,2021
929,3,G350D,W463.2,2019,2021
930,3,G400D,W463.2,2019,2021
931,3,ML350,W166,2012,2015
932,3,GLE350,W166,2016,2018
933,3,ML400,W166,2015,2019
934,3,GLE400,W166,2015,2019
935,3,ML550,W166,2012,2014
936,3,ML63 AMG,W166,2012,2019
937,3,GLE63 AMG,W166,2012,2019
938,3,GLE63 S AMG,W166,2012,2019
939,3,ML250 BlueTEC,W166,2012,2019
940,3,ML350 BlueTEC,W166,2012,2019
941,3,GLE500e,W166,2016,2019
942,3,GLE350,W167,2019,2021
943,3,GLE450,W167,2019,2021
944,3,GLE53 AMG,W167,2020,2021
945,3,GLE580,W167,2019,2021
946,3,GLE63 AMG,W167,2020,2021
947,3,GLE63 S AMG,W167,2020,2021
948,3,GLE300D,W167,2019,2021
949,3,GLE350De,W167,2019,2021
950,3,GLE350D,W167,2019,2021
951,3,GLE400D,W167,2019,2021
952,3,CLA180,C118,2019,2021
953,3,CLA200,C118,2019,2021
954,3,CLA220,C118,2019,2021
955,3,CLA250,C118,2019,2021
956,3,CLA35 AMG,C118,2019,2021
957,3,CLA45 AMG,C118,2020,2021
958,3,CLA45 S AMG,C118,2020,2021
959,3,CLA180D,C118,2019,2021
960,3,CLA200D,C118,2019,2021
961,3,CLA220D,C118,2019,2021
962,3,CLA250e,C118,2020,2021
963,3,GLB180,X247,2019,2021
964,3,GLB200,X247,2019,2021
965,3,GLB250,X247,2019,2021
966,3,GLB35 AMG,X247,2020,2021
967,3,GLB180D,X247,2019,2021
968,3,GLB200D,X247,2019,2021
969,3,GLB220D,X247,2019,2021
970,3,GLS450,X167,2019,2021
971,3,GLS580,X167,2019,2021
972,3,GLS600 Maybach,X167,2020,2021
973,3,GLS63 AMG,X167,2020,2021
974,3,GLS350D,X167,2019,2021
975,3,GLS400D,X167,2019,2021
976,4,Mini,Mark I,1959,1966
977,4,Mini,Mark II,1967,1968
978,4,Mini,Mark III,1969,1975
979,4,Mini,Mark IV,1976,1983
980,4,Mini,Mark V,1984,1989
981,4,Mini,Mark VI,1990,1995
982,4,Mini,Mark VII,1996,2000
983,4,Cooper,R50,2001,2006
984,4,Convertible,R52,2004,2008
985,4,Cooper S,R53,2001,2006
986,4,Cooper JCW,R53,2006,2006
987,4,Clubman,R55,2007,2014
988,4,Cooper,R56,2006,2013
989,4,Cooper S,R56,2006,2013
990,4,Convertible,R57,2009,2010
991,4,Cooper JCW,R56,2009,2013
992,4,Coupe,R58,2012,2015
993,4,Roadster,R59,2012,2015
994,4,Countryman,R60,2010,2016
995,4,Paceman,R61,2013,2016
996,4,Clubman,F54,2015,2021
997,4,Countryman,F60,2017,2021
998,4,Cooper,F55,2014,2021
999,4,Cooper S,F55,2014,2021
1000,4,Cooper JCW,F55,2014,2021
1001,4,Cooper,F56,2014,2021
1002,4,Convertible,F57,2014,2021
1003,5,356,Pre-A,1948,1954
1004,5,356A,A,1955,1959
1005,5,356B,B,1960,1963
1006,5,356C,C,1964,1965
1007,5,911,911,1963,1974
1008,5,911,930,1975,1989
1009,5,911,964,1990,1994
1010,5,911,993,1995,1998
1011,5,911,996,1999,2004
1012,5,911,997,2005,2012
1013,5,911,991,2013,2019
1014,5,911,992,2020,2021
1015,5,912,912,1965,1969
1016,5,912E,912E,1976,1976
1017,5,914,914,1969,1976
1018,5,924,924,1976,1988
1019,5,928,928,1977,1995
1020,5,944,944,1982,1991
1021,5,959,959,1986,1993
1022,5,968,968,1991,1995
1023,5,Boxster,986,1996,2004
1024,5,Cayenne,955,2003,2006
1025,5,Cayenne,958,2011,2018
1026,5,Cayenne,9Y0,2019,2021
1027,5,Carrera GT,980,2003,2007
1028,5,Panamera,970,2010,2016
1029,5,Panamera,971,2017,2021
1030,5,918 Spyder,918,2013,2015
1031,5,Macan,95B,2014,2021
1032,5,Taycan,J1,2020,2021
1033,5,Boxster,987,2005,2012
1034,5,Cayman,987,2005,2012
1035,5,Boxster,981,2013,2016
1036,5,Cayman,981,2013,2016
1037,5,718 Boxster,982,2017,2021
1038,5,718 Cayman,982,2017,2021
1039,6,Thing,Type 181,1968,1983
1040,6,Beetle,Type 1,1938,1997
1041,6,Beetle,Type 2,1998,2011
1042,6,Beetle,Type 3,2012,2019
1043,6,Golf,Mk1,1975,1984
1044,6,Golf,Mk2,1985,1993
1045,6,Golf,Mk3,1994,1998
1046,6,Golf,Mk4,1999,2005
1047,6,Golf,Mk5,2006,2009
1048,6,Golf,Mk6,2010,2014
1049,6,Golf,Mk7,2015,2020
1050,6,Golf,Mk8,2021,2021
1051,6,Corrado,G60,1989,1995
1052,6,Dasher,B1,1974,1981
1053,6,EOS,Mk2,2007,2016
1054,6,Fox,Mk1,1987,1993
1055,6,Kharmann Ghia,Type 14,1955,1961
1056,6,Kharmann Ghia,Type 34,1962,1974
1057,6,Phaeton,GP1,2003,2008
1058,6,Phaeton,GP2,2009,2011
1059,6,Phaeton,GP3,2012,2014
1060,6,Phaeton,GP4,2015,2016
1061,6,Quantum,B2,1980,1985
1062,6,Routan,RT,2009,2014
1063,6,Scirocco,Type 53,1975,1981
1064,6,Scirocco,Type 53B,1982,1992
1065,6,Bus,T1,1951,1967
1066,6,Bus,T2,1968,1979
1067,6,Vanagon,T3,1980,1992
1068,6,Jetta,Mk1,1979,1984
1069,6,Jetta,Mk2,1985,1992
1070,6,Jetta,Mk3,1993,1999
1071,6,Jetta,Mk4,2000,2005
1072,6,Jetta,Mk5,2006,2011
1073,6,Jetta,Mk6,2012,2018
1074,6,Jetta,Mk7,2019,2021
1075,6,Passat,B3,1990,1993
1076,6,Passat,B4,1994,2000
1077,6,Passat,B5,2001,2006
1078,6,Passat,B6,2007,2010
1079,6,Passat,B7,2011,2015
1080,6,Passat,B8,2016,2021
1081,6,Tiguan,5N,2007,2016
1082,6,Tiguan,MQB,2017,2021
1083,6,Touareg,7L,2003,2010
1084,6,Touareg,7P,2011,2018
1085,6,Touareg,CR,2019,2021
1086,6,CC,CC,2009,2017
1087,6,Arteon,B8,2018,2021
1088,6,Golf GTI,Mk1,1976,1984
1089,6,Golf GTI,Mk2,1985,1993
1090,6,Golf GTI,Mk3,1994,1998
1091,6,Golf GTI,Mk4,1999,2005
1092,6,Golf GTI,Mk5,2006,2009
1093,6,Golf GTI,Mk6,2010,2014
1094,6,Golf GTI,Mk7,2015,2020
1095,6,Golf GTI,Mk8,2021,2021
1096,6,Golf R32,Mk4,2004,2004
1097,6,Golf R32,Mk5,2007,2007
1098,6,Golf R,Mk6,2012,2014
1099,6,Golf R,Mk7,2013,2020
1100,6,Golf R,Mk8,2021,2021
1101,6,Eurovan,T4,1991,2003
1102,6,Atlas,MQB,2018,2021
1103,6,Squareback,Type 3,1962,1974
1104,2,530i,E28,1982,1988
1105,2,535d,F10-07,2012,2013
1106,2,740Li xDrive,F0X,2009,2015
1107,2,750Li xDrive,F0X,2009,2015
1108,2,750i xDrive,F0X,2009,2015
1109,2,740i xDrive,G1X,2019,2021
1110,2,750i xDrive,G1X,2019,2021
1111,2,X5 M,E70,2007,2013
1112,2,X6 M,E71,2008,2013
1113,3,A220,W177,2019,2021
1114,3,A35 AMG,W177,2019,2021
1115,3,E400,W212,2010,2016
1116,3,E63 S AMG,W212,2010,2016
1117,3,E400,W213,2017,2021
1118,4,Cooper S,F56,2014,2021
1119,5,Cayenne,957,2007,2010
1120,2,325iC,E30,1985,1991
1121,2,640i Gran Coupe,G32,2018,2021
1122,2,640i xDrive Gran Coupe,G32,2018,2021
1123,2,650i Gran Coupe,G32,2018,2021
1124,2,650i xDrive Gran Coupe,G32,2018,2021
1125,3,E550,W211,2003,2009
1126,3,ML550,W164,2006,2011
1127,3,ML63 AMG,W164,2006,2011
1128,3,S600,W220,2000,2006
1129,7,S500,S500,1963,1964
1130,7,S600,S600,1964,1966
1131,7,S800,S800,1966,1970
1132,7,S2000,AP1,1999,2003
1133,7,S2000,AP2,2004,2009
1134,7,L700,L700,1965,1965
1135,7,L800,L800,1966,1967
1136,7,N360,N360,1967,1972
1137,7,N600,N600,1967,1969
1138,7,1300,1300,1969,1973
1139,7,Acty,Mk1,1977,1987
1140,7,Acty,Mk2,1988,1998
1141,7,Acty,Mk3,1999,2008
1142,7,Acty,Mk4,2009,2021
1143,7,Airwave,GJ1,2005,2009
1144,7,Ascot,CB,1989,1992
1145,7,Ascot Innova,Innova,1992,1995
1146,7,Ascot,CE,1993,1996
1147,7,Avancier,TA,1999,2003
1148,7,Beat,PP1,1991,1996
1149,7,Capa,GA4,1998,2002
1150,7,Concerto,MA2,1988,1994
1151,7,Crosstour,TF1,2010,2015
1152,7,CR-X,Mk1,1984,1987
1153,7,CR-X,Mk2,1988,1991
1154,7,del Sol,EG1,1992,1998
1155,7,Crossroad,LJ,1993,1998
1156,7,Crossroad,RT,2007,2010
1157,7,CR-Z,ZF1,2010,2016
1158,7,Domani,MA4-7,1992,1996
1159,7,Domani,MB3-5,1997,2000
1160,7,FR-V,BE1,2004,2009
1161,7,Element,YH1,2003,2011
1162,7,EV Plus,EV,1997,1999
1163,7,FCX,FCX,1999,2007
1164,7,FCX Clarity,FCX,2008,2014
1165,7,City,AA,1981,1985
1166,7,City,GA1,1986,1993
1167,7,City,3A2,1996,2001
1168,7,City,GD6,2002,2007
1169,7,City,GM2,2008,2013
1170,7,City,GM4,2014,2018
1171,7,City,GN1,2019,2021
1172,7,Integra,AV,1986,1989
1173,7,Integra,DA5,1990,1993
1174,7,Integra,DC2,1994,2001
1175,7,Integra,DC5,2002,2006
1176,7,Odyssey,RA1,1994,1998
1177,7,Odyssey,RL1,1999,2004
1178,7,Odyssey,RL3,2005,2010
1179,7,Odyssey,RL5,2011,2017
1180,7,Odyssey,RL6,2018,2021
1181,7,Life,SA,1971,1974
1182,7,Life,JA4,1997,1997
1183,7,Life,JB1,1998,2002
1184,7,Life,JB5,2003,2007
1185,7,Life,JC1,2008,2014
1186,7,Logo,GA3,1996,2001
1187,7,Orthia,EL1,1996,2002
1188,7,Partner,EY6,1996,2006
1189,7,Prelude,SN,1978,1981
1190,7,Prelude,AB,1982,1986
1191,7,Prelude,BA3,1987,1990
1192,7,Prelude,BA8,1991,1995
1193,7,Prelude,BB5,1996,2001
1194,7,Quint,SU,1980,1985
1195,7,Rafaga,CE4,1993,1997
1196,7,S-MX,RH1,1996,2002
1197,7,Inspire,CB5,1989,1994
1198,7,Inspire,UA1,1995,1997
1199,7,Inspire,UA4,1998,2002
1200,7,Inspire,UC1,2003,2006
1201,7,Inspire,CP3,2007,2011
1202,7,Today,JW1,1985,1992
1203,7,Today,JA4,1993,1998
1204,7,Torneo,CF4,1997,2001
1205,7,Civic,SG,1972,1979
1206,7,Civic,SL,1980,1983
1207,7,Civic,AG,1984,1987
1208,7,Civic,EF,1988,1991
1209,7,Civic,EG,1992,1995
1210,7,Civic,EJ,1996,2000
1211,7,Civic,EP,2001,2005
1212,7,Civic,FN,2006,2011
1213,7,Civic,FG,2012,2015
1214,7,Civic,FK,2016,2021
1215,7,Fit,GD,2001,2007
1216,7,Fit,GE,2008,2013
1217,7,Fit,GK,2014,2020
1218,7,Fit,GR,2021,2021
1219,7,Accord,SJ,1977,1981
1220,7,Accord,SY,1982,1985
1221,7,Accord,CA1,1986,1989
1222,7,Accord,CB7,1990,1993
1223,7,Accord,CD3,1994,1997
1224,7,Accord,CF3,1998,2002
1225,7,Accord,CM4,2003,2007
1226,7,Accord,CP1,2008,2012
1227,7,Accord,CR1,2013,2017
1228,7,Accord,CV1,2018,2021
1229,7,Clarity,FCV,2016,2021
1230,7,Insight,ZE1,2000,2006
1231,7,Insight,ZE2,2010,2014
1232,7,Insight,ZE4,2019,2021
1233,7,CR-V,RD1,1997,2001
1234,7,CR-V,RD4,2002,2006
1235,7,CR-V,RE1,2007,2011
1236,7,CR-V,RM1,2012,2017
1237,7,CR-V,RW1,2018,2021
1238,7,HR-V,GH,1998,2006
1239,7,HR-V,RU,2016,2021
1240,7,Passport,C58,1993,1997
1241,7,Passport,CK58,1998,2002
1242,7,Passport,YF7,2019,2021
1243,7,Pilot,YF1,2003,2009
1244,7,Pilot,YF3,2010,2016
1245,7,Pilot,YF5,2017,2021
1246,7,Ridgeline,YK1,2006,2015
1247,7,Ridgeline,YK2,2016,2021
1248,7,Civic Type-R,EK9,1997,2000
1249,7,Civic Type-R,EP3,2001,2005
1250,7,Civic Type-R,FN2,2007,2011
1251,7,Civic Type-R,FK2,2015,2017
1252,7,Civic Type-R,FK8,2018,2021
1253,7,NSX,NA1,1990,1996
1254,7,NSX,NA2,1997,2005
1255,7,NSX,NC1,2016,2021
1256,8,SLX,SLX,1991,2002
1257,8,ZDX,YB1,2010,2013
1258,8,RL,KA9,1996,2004
1259,8,RL,KB1,2005,2012
1260,8,CSX,CSX,2006,2011
1261,8,TL,UA1,1996,1998
1262,8,TL,UA4,1999,2003
1263,8,TL,UA6,2004,2008
1264,8,TL,UA8,2009,2014
1265,8,TSX,CL9,2004,2008
1266,8,TSX,CU2,2009,2014
1267,8,EL,MB4,1997,2000
1268,8,EL,ES3,2001,2005
1269,8,Vigor,CB5,1991,1994
1270,8,Integra,AV,1986,1989
1271,8,Integra,DA5,1990,1993
1272,8,Integra,DC2,1994,2001
1273,8,RSX,DC5,2002,2006
1274,8,Legend,KA1,1986,1990
1275,8,Legend,KA7,1991,1995
1276,8,RLX,KC1,2014,2020
1277,8,CL,YA1,1997,2000
1278,8,CL,YA4,2001,2003
1279,8,MDX,YD1,2001,2006
1280,8,MDX,YD2,2007,2013
1281,8,MDX,YD3,2014,2021
1282,8,MDX,YD9,2022,2022
1283,8,RDX,TB1,2007,2012
1284,8,RDX,TB3,2013,2018
1285,8,RDX,TC1,2019,2022
1286,8,CDX,CDX,2016,2022
1287,8,ILX,DE1,2013,2022
1288,8,TLX,UB1,2015,2020
1289,8,TLX,UB5,2021,2022
1290,8,NSX,NA1,1990,1996
1291,8,NSX,NA2,1997,2005
1292,8,NSX,NC1,2016,2021
1293,9,Leopard,F30,1981,1986
1294,9,Leopard,F31,1987,1992
1295,9,Leopard,Y32,1993,1996
1296,9,Leopard,Y33,1997,1999
1297,9,300C,Y30,1984,1987
1298,9,300ZX,Z31,1984,1989
1299,9,300ZX,Z32,1990,2000
1300,9,Hardbody,D21,1985,1997
1301,9,Pathfinder,WD21,1986,1995
1302,9,Pathfinder,R50,1996,2004
1303,9,Pathfinder,R51,2005,2012
1304,9,Pathfinder,R52,2013,2021
1305,9,Pathfinder,R53,2022,2022
1306,9,Cedric,30,1960,1962
1307,9,Cedric,31,1963,1965
1308,9,Cedric,130,1966,1971
1309,9,Cedric,230,1972,1975
1310,9,Cedric,330,1976,1979
1311,9,Cedric,430,1980,1983
1312,9,Cedric,Y30,1984,1987
1313,9,Cedric,Y31,1988,1991
1314,9,Cedric,Y32,1992,1995
1315,9,Cedric,Y33,1996,1999
1316,9,Cedric,Y34,2000,2004
1317,9,Cefiro,A31,1988,1994
1318,9,Cefiro,A32,1995,1998
1319,9,Cefiro,A33,1999,2003
1320,9,Pao,PK10,1989,1991
1321,9,S-Cargo,G20,1989,1992
1322,9,180SX,S13,1989,1998
1323,9,200SX,S10,1975,1979
1324,9,200SX,S110,1980,1984
1325,9,200SX,S12,1985,1989
1326,9,200SX,S13,1990,1993
1327,9,200SX,S14,1994,1999
1328,9,200SX,S15,2000,2002
1329,9,240SX,S13,1990,1994
1330,9,240SX,S14,1995,1998
1331,9,Avenir,W10,1990,1997
1332,9,Avenir,W11,1998,2005
1333,9,Primera,P10,1990,1995
1334,9,Primera,P11,1996,2001
1335,9,Primera,P12,2002,2007
1336,9,Figaro,FK10,1991,1991
1337,9,Quest,V40,1993,1999
1338,9,Quest,V41,2000,2004
1339,9,Quest,V42,2005,2009
1340,9,Quest,RE52,2011,2017
1341,9,Stagea,WC34,1996,2001
1342,9,Stagea,M35,2002,2007
1343,9,Cube,Z10,1998,2002
1344,9,Cube,Z11,2003,2008
1345,9,Cube,Z12,2009,2019
1346,9,Xterra,WD22,1999,2004
1347,9,Xterra,N50,2005,2015
1348,9,350Z,Z33,2002,2008
1349,9,370Z,Z34,2009,2020
1350,9,Bluebird,U11,1983,1987
1351,9,Bluebird,U12,1988,1991
1352,9,Bluebird,U13,1992,1996
1353,9,Bluebird,U14,1997,2001
1354,9,President,H150,1965,1973
1355,9,President,H250,1974,1990
1356,9,President,HG50,1991,2001
1357,9,President,PGF50,2002,2010
1358,9,Sunny,B10,1966,1969
1359,9,Sunny,B110,1970,1973
1360,9,Sunny,B210,1974,1977
1361,9,Sunny,B310,1978,1981
1362,9,Sunny,B11,1982,1985
1363,9,Sunny,B12,1986,1990
1364,9,Sunny,B13,1991,1993
1365,9,Sunny,B14,1994,1998
1366,9,Sunny,B15,1999,2004
1367,9,Laurel,C30,1968,1972
1368,9,Laurel,C130,1973,1977
1369,9,Laurel,C230,1978,1980
1370,9,Laurel,C31,1981,1984
1371,9,Laurel,C32,1985,1989
1372,9,Laurel,C33,1990,1993
1373,9,Laurel,C34,1994,1997
1374,9,Laurel,C35,1998,2002
1375,9,Pulsar,N10,1978,1982
1376,9,Pulsar,N12,1983,1986
1377,9,Pulsar,N13,1987,1990
1378,9,Pulsar,N14,1991,1995
1379,9,Pulsar,N15,1996,2000
1380,9,Pulsar,N16,2001,2005
1381,9,Sentra,B11,1982,1985
1382,9,Sentra,B12,1986,1990
1383,9,Sentra,B13,1991,1994
1384,9,Sentra,B14,1995,1999
1385,9,Sentra,B15,2000,2006
1386,9,Sentra,B16,2007,2012
1387,9,Sentra,B17,2013,2019
1388,9,Sentra,B18,2020,2022
1389,9,Versa,C11,2006,2012
1390,9,Versa,N17,2013,2019
1391,9,Versa,N18,2020,2022
1392,9,Micra,K10,1983,1992
1393,9,Micra,K11,1993,2001
1394,9,Micra,K12,2002,2010
1395,9,Micra,K13,2011,2016
1396,9,Micra,K14,2017,2022
1397,9,Leaf,ZE0,2010,2017
1398,9,Leaf,ZE1,2018,2022
1399,9,Murano,Z50,2002,2007
1400,9,Murano,Z51,2008,2014
1401,9,Murano,Z52,2015,2022
1402,9,Kicks,P15,2018,2022
1403,9,Juke,F15,2011,2017
1404,9,Juke,F16,2019,2022
1405,9,Maxima,G910,1980,1985
1406,9,Maxima,PU11,1986,1989
1407,9,Maxima,J30,1990,1995
1408,9,Maxima,A32,1996,2000
1409,9,Maxima,A33B,2001,2004
1410,9,Maxima,A34,2005,2009
1411,9,Maxima,A35,2010,2016
1412,9,Maxima,A36,2017,2022
1413,9,Altima,U13,1993,1998
1414,9,Altima,L30,1999,2002
1415,9,Altima,L31,2003,2006
1416,9,Altima,L32,2007,2013
1417,9,Altima,L33,2014,2018
1418,9,Altima,L34,2019,2022
1419,9,Rogue,S35,2007,2013
1420,9,Rogue,T32,2014,2020
1421,9,Rogue,T33,2021,2022
1422,9,Armada,TA60,2004,2015
1423,9,Armada,Y62,2017,2022
1424,9,Skyline,S21,1957,1963
1425,9,Skyline,S50,1964,1968
1426,9,Skyline,C10,1969,1972
1427,9,Skyline,C110,1973,1977
1428,9,Skyline,C210,1978,1981
1429,9,Skyline,R30,1982,1985
1430,9,Skyline,R31,1986,1989
1431,9,Skyline,R32,1990,1993
1432,9,Skyline,R33,1994,1998
1433,9,Skyline,R34,1999,2001
1434,9,GT-R,KPGC10,1969,1972
1435,9,GT-R,KPGC110,1973,1973
1436,9,GT-R,R32,1989,1994
1437,9,GT-R,R33,1995,1998
1438,9,GT-R,R34,1999,2002
1439,9,GT-R,R35,2007,2021
1440,10,FX35,S50,2003,2008
1441,10,FX45,S50,2003,2008
1442,10,FX35,S51,2009,2012
1443,10,FX50,S51,2009,2012
1444,10,QX70,S51,2013,2017
1445,10,G20,P10,1991,1996
1446,10,G20,P11,1999,2002
1447,10,G35,V35,2003,2007
1448,10,G35,V36,2008,2009
1449,10,G37,V36,2008,2015
1450,10,G25,V36,2011,2012
1451,10,Q40,V36,2015,2015
1452,10,I30,A32,1996,1998
1453,10,I30,A33,2000,2001
1454,10,I35,A33,2002,2004
1455,10,J30,Y32,1993,1997
1456,10,M30,F31,1990,1992
1457,10,M45,Y34,2003,2004
1458,10,M35,Y50,2006,2010
1459,10,M45,Y50,2006,2010
1460,10,M25,Y51,2011,2019
1461,10,M37,Y51,2011,2019
1462,10,M56,Y51,2011,2019
1463,10,Q30,H15,2016,2019
1464,10,Q45,H50,1990,1996
1465,10,Q45,FY33,1997,2001
1466,10,Q45,F50,2002,2006
1467,10,Q70,Y51,2014,2019
1468,10,QX30,H15,2017,2019
1469,10,QX4,R50,1997,2003
1470,10,QX50,J50,2014,2017
1471,10,QX50,J55,2019,2022
1472,10,EX35,J50,2007,2013
1473,10,Q50,V37,2014,2022
1474,10,Q60,V37,2014,2022
1475,10,QX60,L50,2014,2022
1476,10,QX56,JA60,2004,2010
1477,10,QX56,Z62,2011,2013
1478,10,QX80,Z62,2014,2022
1479,11,Patrol,160,1980,1986
1480,11,120,120,1956,1957
1481,11,220,220,1958,1961
1482,11,320,320,1962,1965
1483,11,520,520,1966,1972
1484,11,620,620,1973,1979
1485,11,720,720,1980,1986
1486,11,Sports 1000,S211,1959,1960
1487,11,Sports 1200,SP212,1960,1962
1488,11,Sports 1500,SP310,1963,1965
1489,11,Sports 1600,SP311,1966,1970
1490,11,Sports 2000,SR311,1967,1970
1491,11,1000,210,1957,1959
1492,11,410,410,1963,1967
1493,11,510,510,1967,1972
1494,11,610,610,1971,1976
1495,11,810,810,1976,1979
1496,11,910,910,1979,1983
1497,11,1200,1200,1970,1973
1498,11,B210,B210,1973,1978
1499,11,210,B310,1977,1981
1500,11,240Z,Z27,1969,1973
1501,11,260Z,Z28,1974,1974
1502,11,280Z,Z29,1975,1978
1503,11,F10,F10,1974,1978
1504,11,310,N10,1978,1982
1505,11,710,710,1973,1977
1506,11,200SX,S10,1975,1979
1507,11,280ZX,Z30,1978,1983
1508,12,Matrix,E130,2003,2008
1509,12,Matrix,E140,2009,2014
1510,12,MR2,W10,1984,1989
1511,12,MR2,W20,1990,1999
1512,12,MR2 Spyder,W30,2000,2007
1513,12,Hilux,N10,1968,1972
1514,12,Truck,N20,1972,1978
1515,12,Pickup,N30,1978,1983
1516,12,Pickup,N50,1984,1988
1517,12,Pickup,N80,1989,1997
1518,12,Previa,XR10,1991,1997
1519,12,Prius V,ZVW40,2012,2017
1520,12,Avalon,XX10,1995,1999
1521,12,Avalon,XX20,2000,2004
1522,12,Avalon,XX30,2005,2012
1523,12,Avalon,XX40,2013,2018
1524,12,Avalon,XX50,2019,2022
1525,12,RAV4 EV,BEA11,1998,2003
1526,12,RAV4 EV,QEA38,2013,2014
1527,12,Sera,EXY10,1990,1995
1528,12,Starlet,P40,1973,1978
1529,12,Starlet,P60,1979,1984
1530,12,Starlet,P70,1985,1989
1531,12,Starlet,P80,1990,1996
1532,12,Starlet,P90,1997,2000
1533,12,T100,XK10,1992,1998
1534,12,Van,R20,1982,1991
1535,12,Solara,XV20,1999,2003
1536,12,Solara,XV30,2004,2008
1537,12,Carina,A10,1970,1977
1538,12,Carina,A40,1977,1981
1539,12,Carina,A60,1981,1988
1540,12,Corona,T20,1960,1964
1541,12,Corona,T40,1965,1970
1542,12,Corona,T80,1971,1973
1543,12,Corona,T100,1974,1978
1544,12,Corona,T130,1979,1982
1545,12,Corona,T140,1983,1983
1546,12,Corona,T150,1984,1987
1547,12,Corona,T170,1988,1992
1548,12,Corona,T190,1993,1996
1549,12,Corona,T210,1997,2001
1550,12,Carina ED,ST160,1985,1989
1551,12,Carina ED,ST180,1990,1993
1552,12,Carina ED,ST200,1994,1998
1553,12,Celica,A20,1970,1977
1554,12,Celica,A40,1978,1981
1555,12,Celica,A60,1982,1985
1556,12,Celica,T160,1986,1989
1557,12,Celica,T180,1990,1993
1558,12,Celica,T200,1994,1999
1559,12,Celica,T230,2000,2006
1560,12,Supra,A40,1978,1981
1561,12,Supra,A60,1982,1985
1562,12,Supra,A70,1986,1993
1563,12,Supra,A80,1994,2002
1564,12,Supra,J29,2020,2022
1565,12,Chaser,X30,1977,1980
1566,12,Chaser,X60,1981,1984
1567,12,Chaser,X70,1985,1988
1568,12,Chaser,X80,1989,1992
1569,12,Chaser,X90,1993,1996
1570,12,Chaser,X100,1997,2001
1571,12,Tercel,L10,1978,1982
1572,12,Tercel,L20,1983,1986
1573,12,Tercel,L30,1987,1990
1574,12,Tercel,L40,1991,1994
1575,12,Tercel,L50,1995,1999
1576,12,Mark II,T60,1968,1972
1577,12,Mark II,X10,1973,1976
1578,12,Mark II,X30,1977,1980
1579,12,Mark II,X60,1981,1984
1580,12,Mark II,X70,1985,1988
1581,12,Mark II,X80,1989,1992
1582,12,Mark II,X90,1993,1996
1583,12,Mark II,X100,1997,2000
1584,12,Mark II,X110,2001,2008
1585,12,Cressida,X30,1977,1980
1586,12,Cressida,X60,1981,1984
1587,12,Cressida,X70,1985,1988
1588,12,Cressida,X80,1989,1992
1589,12,Cresta,X50,1980,1984
1590,12,Cresta,X70,1985,1988
1591,12,Cresta,X80,1989,1992
1592,12,Cresta,X90,1993,1996
1593,12,Cresta,X100,1997,2001
1594,12,Echo,XP10,1999,2005
1595,12,Yaris,XP90,2006,2011
1596,12,Yaris,XP130,2012,2018
1597,12,FJ Cruiser,XJ10,2006,2014
1598,12,Camry,A40,1979,1982
1599,12,Camry,V10,1983,1986
1600,12,Camry,V20,1987,1991
1601,12,Camry,XV10,1992,1996
1602,12,Camry,XV20,1997,2001
1603,12,Camry,XV30,2002,2006
1604,12,Camry,XV40,2007,2011
1605,12,Camry,XV50,2012,2017
1606,12,Camry,XV70,2018,2022
1607,12,Mirai,JPD10,2015,2020
1608,12,Mirai,JPD20,2021,2022
1609,12,Prius,XW10,2001,2003
1610,12,Prius,XW20,2004,2009
1611,12,Prius,XW30,2010,2015
1612,12,Prius,XW50,2016,2022
1613,12,Prius C,NHP10,2012,2019
1614,12,4Runner,N60,1984,1989
1615,12,4Runner,N120,1990,1995
1616,12,4Runner,N180,1996,2002
1617,12,4Runner,N210,2003,2009
1618,12,4Runner,N280,2010,2022
1619,12,C-HR,AX10,2018,2022
1620,12,Venza,AV10,2009,2015
1621,12,Venza,XU80,2021,2022
1622,12,Highlander,XU20,2001,2007
1623,12,Highlander,XU40,2008,2013
1624,12,Highlander,XU50,2014,2019
1625,12,Highlander,XU70,2020,2022
1626,12,Land Cruiser,BJ,1951,1955
1627,12,Land Cruiser,J20,1956,1960
1628,12,Land Cruiser,J40,1961,1967
1629,12,Land Cruiser,J50,1968,1980
1630,12,Land Cruiser,J60,1981,1990
1631,12,Land Cruiser,J80,1991,1997
1632,12,Land Cruiser,J100,1998,2007
1633,12,Land Cruiser,J200,2008,2021
1634,12,RAV4,XA10,1994,2000
1635,12,RAV4,XA20,2001,2005
1636,12,RAV4,XA30,2006,2012
1637,12,RAV4,XA40,2013,2018
1638,12,RAV4,XA50,2019,2022
1639,12,Sequoia,XK30,2001,2008
1640,12,Sequoia,XK60,2009,2022
1641,12,Sienna,XL10,1998,2003
1642,12,Sienna,XL20,2004,2010
1643,12,Sienna,XL30,2011,2020
1644,12,Sienna,XL40,2021,2022
1645,12,Tacoma,N140,1995,2005
1646,12,Tacoma,N220,2006,2016
1647,12,Tacoma,N300,2017,2022
1648,12,Tundra,XK30,2000,2007
1649,12,Tundra,XK50,2008,2022
1650,12,86,ZN6,2012,2021
1651,12,86,ZN8,2022,2022
1652,12,Corolla,E10,1966,1970
1653,12,Corolla,E20,1971,1974
1654,12,Corolla,E30,1975,1979
1655,12,Corolla,E70,1980,1983
1656,12,Corolla,E80,1984,1987
1657,12,Corolla,E90,1988,1991
1658,12,Corolla,E100,1992,1995
1659,12,Corolla,E110,1996,2000
1660,12,Corolla,E120,2001,2006
1661,12,Corolla,E140,2007,2012
1662,12,Corolla,E160,2013,2018
1663,12,Corolla,E210,2019,2022
1664,12,Sera,EXY10,1990,1995
1665,13,CT 200h,ZWA10,2011,2017
1666,13,IS 200,XE10,1999,2005
1667,13,IS 300,XE10,1999,2005
1668,13,IS 200d,XE20,2006,2013
1669,13,IS 220d,XE20,2006,2013
1670,13,IS 250,XE20,2006,2013
1671,13,IS 300,XE20,2006,2013
1672,13,IS 350,XE20,2006,2013
1673,13,IS F,XE20,2006,2013
1674,13,IS 200t,XE30,2014,2022
1675,13,IS 300,XE30,2014,2022
1676,13,IS 250,XE30,2014,2022
1677,13,IS 300h,XE30,2014,2022
1678,13,IS 350,XE30,2014,2022
1679,13,IS 500,XE30,2014,2022
1680,13,HS 250h,ANF10,2010,2012
1681,13,ES 250,V20,1989,1991
1682,13,ES 300,XV10,1992,1996
1683,13,ES 300,XV20,1997,2001
1684,13,ES 300,XV30,2002,2006
1685,13,ES 330,XV30,2002,2006
1686,13,ES 240,XV40,2007,2012
1687,13,ES 350,XV40,2007,2012
1688,13,ES 200,XV60,2013,2018
1689,13,ES 250,XV60,2013,2018
1690,13,ES 300h,XV60,2013,2018
1691,13,ES 350,XV60,2013,2018
1692,13,ES 200,XZ10,2019,2022
1693,13,ES 250,XZ10,2019,2022
1694,13,ES 300h,XZ10,2019,2022
1695,13,ES 350,XZ10,2019,2022
1696,13,GS 300,S140,1993,1997
1697,13,GS 300,S160,1998,2005
1698,13,GS 400,S160,1998,2005
1699,13,GS 430,S160,1998,2005
1700,13,GS 300,S190,2006,2011
1701,13,GS 430,S190,2006,2011
1702,13,GS 450h,S190,2006,2011
1703,13,GS 350,S190,2006,2011
1704,13,GS 460,S190,2006,2011
1705,13,GS 200t,L10,2012,2020
1706,13,GS 300,L10,2012,2020
1707,13,GS 300h,L10,2012,2020
1708,13,GS 250,L10,2012,2020
1709,13,GS 350,L10,2012,2020
1710,13,GS 450h,L10,2012,2020
1711,13,GS F,L10,2012,2020
1712,13,LS 400,XF10,1990,1994
1713,13,LS 400,XF20,1995,2000
1714,13,LS 430,XF30,2001,2006
1715,13,LS 460,XF30,2001,2006
1716,13,LS 460 L,XF30,2001,2006
1717,13,LS 600h,XF30,2001,2006
1718,13,LS 600h L,XF30,2001,2006
1719,13,LS 500,XF40,2007,2017
1720,13,LS 500h,XF40,2007,2017
1721,13,SC 400,Z30,1991,2000
1722,13,SC 300,Z30,1991,2000
1723,13,SC 430,Z40,2001,2010
1724,13,RC 200t,XC10,2015,2022
1725,13,RC 300,XC10,2015,2022
1726,13,RC 300h,XC10,2015,2022
1727,13,RC 350,XC10,2015,2022
1728,13,RC F,XC10,2015,2022
1729,13,LC 500,XZ100,2018,2022
1730,13,LC 500h,XZ100,2018,2022
1731,13,LFA,LFA10,2012,2012
1732,13,UX 200,ZA10,2019,2022
1733,13,UX 250h,ZA10,2019,2022
1734,13,UX 300e,ZA10,2019,2022
1735,13,NX 200t,AZ10,2015,2022
1736,13,NX 300,AZ10,2015,2022
1737,13,NX 300h,AZ10,2015,2022
1738,13,RX 300,XU10,1999,2003
1739,13,RX 300,XU30,2004,2009
1740,13,RX 330,XU30,2004,2009
1741,13,RX 350,XU30,2004,2009
1742,13,RX 400h,XU30,2004,2009
1743,13,RX 270,AL10,2010,2015
1744,13,RX 350,AL10,2010,2015
1745,13,RX 450h,AL10,2010,2015
1746,13,RX 200t,AL20,2016,2022
1747,13,RX 300,AL20,2016,2022
1748,13,RX 350,AL20,2016,2022
1749,13,RX 450h,AL20,2016,2022
1750,13,GX 470,J120,2003,2009
1751,13,GX 460,J150,2010,2022
1752,13,GX 400,J150,2010,2022
1753,13,LX 450,J80,1996,1997
1754,13,LX 470,J100,1998,2007
1755,13,LX 570,J200,2008,2022
1756,13,LX 450d,J200,2008,2022
1757,14,iM,E180,2015,2016
1758,14,iA,DJ,2016,2016
1759,14,FR-S,ZN6,2012,2016
1760,14,iQ,AJ10,2012,2015
1761,14,xD,XP110,2008,2014
1762,14,tC,AT10,2005,2010
1763,14,tC,AT20,2011,2016
1764,14,xB,XP30,2004,2006
1765,14,xB,E150,2008,2015
1766,14,xA,XP60,2004,2006
1767,15,XT,XT,1985,1991
1768,15,XT6,XT6,1988,1991
1769,15,SVX,SVX,1991,1996
1770,15,Baja,Baja,2003,2006
1771,15,BRAT,BRAT,1977,1994
1772,15,Sambar,Mk1,1961,1966
1773,15,Sambar,Mk2,1967,1973
1774,15,Sambar,Mk3,1974,1982
1775,15,Sambar,Mk4,1983,1990
1776,15,Sambar,Mk5,1991,1999
1777,15,Sambar,Mk6,2000,2012
1778,15,Sambar,Mk7,2013,2022
1779,15,Exiga,YA,2008,2018
1780,15,FF-1 G,G,1971,1972
1781,15,1000,1000,1966,1969
1782,15,FF-1 Star,1000,1969,1973
1783,15,FF-1 1300G,1300,1971,1972
1784,15,Justy,KA,1987,1994
1785,15,Leone,Mk1,1971,1979
1786,15,Leone,Mk2,1980,1989
1787,15,Loyale,Mk3,1984,1990
1788,15,Impreza Outback Sport,Mk1,1994,2001
1789,15,Impreza Outback Sport,Mk2,2002,2007
1790,15,Impreza Outback Sport,Mk3,2008,2011
1791,15,R-2,R-2,1969,1972
1792,15,Tribeca,B9,2006,2014
1793,15,Outback,BD,1994,1998
1794,15,Outback,BE,1999,2003
1795,15,Outback,BL,2004,2009
1796,15,Outback,BR,2010,2014
1797,15,Outback,BS,2015,2019
1798,15,Outback,BT,2020,2022
1799,15,Ascent,Mk1,2019,2022
1800,15,BRZ,ZN6,2012,2021
1801,15,BRZ,ZN8,2022,2022
1802,15,Crosstrek,GP,2013,2017
1803,15,Crosstrek,GT,2018,2022
1804,15,Forester,SF,1997,2002
1805,15,Forester,SG,2003,2008
1806,15,Forester,SH,2009,2013
1807,15,Forester,SJ,2014,2018
1808,15,Forester,SK,2019,2022
1809,15,Impreza,GC,1993,2001
1810,15,Impreza,GD,2002,2007
1811,15,Impreza,GE,2008,2011
1812,15,Impreza,GJ,2012,2016
1813,15,Impreza,GK,2017,2022
1814,15,WRX,GC8,1993,2001
1815,15,WRX,GD,2002,2007
1816,15,WRX,GE,2008,2014
1817,15,WRX,GJ,2015,2016
1818,15,WRX,GK,2017,2022
1819,15,WRX STI,GE,2008,2014
1820,15,WRX STI,GJ,2015,2016
1821,15,WRX STI,GK,2017,2022
1822,15,Legacy,BC,1989,1993
1823,15,Legacy,BD,1994,1998
1824,15,Legacy,BE,1999,2004
1825,15,Legacy,BL,2005,2009
1826,15,Legacy,BM,2010,2014
1827,15,Legacy,BN,2015,2019
1828,15,Legacy,BW,2020,2022
1829,15,Levorg,VM,2014,2020
1830,15,Levorg,VN,2021,2022
1831,16,Tredia,Mk1,1982,1990
1832,16,Mirage,Mk2,1985,1987
1833,16,Mirage,Mk3,1988,1992
1834,16,Mirage,Mk4,1993,1995
1835,16,Mirage,A00,2012,2022
1836,16,i-MiEV,i,2011,2017
1837,16,Precis,X1,1987,1989
1838,16,Precis,X2,1990,1994
1839,16,Mirage G4,A10,2012,2022
1840,16,Wagon,Mk3,1987,1992
1841,16,Space Wagon,Mk1,1983,1991
1842,16,Expo,UF,1991,1997
1843,16,RVR,N10,1991,1999
1844,16,3000GT,Z15A,1990,2000
1845,16,Conquest,Starion,1983,1989
1846,16,Lancer Evolution I,Evo I,1992,1994
1847,16,Lancer Evolution II,Evo II,1994,1995
1848,16,Lancer Evolution III,Evo III,1995,1996
1849,16,Lancer Evolution IV,Evo IV,1996,1998
1850,16,Lancer Evolution V,Evo V,1998,1999
1851,16,Lancer Evolution VI,Evo VI,1999,2001
1852,16,Lancer Evolution VII,Evo VII,2001,2003
1853,16,Lancer Evolution VIII,Evo VIII,2003,2005
1854,16,Lancer Evolution IX,Evo IX,2005,2007
1855,16,Lancer Evolution X,Evo X,2007,2016
1856,16,Eclipse,D21A,1990,1994
1857,16,Eclipse,D31A,1995,1999
1858,16,Eclipse,D52A,2000,2005
1859,16,Eclipse,DK21,2006,2012
1860,16,Cordia,A211A,1982,1990
1861,16,Diamante,Mk1,1992,1995
1862,16,Diamante,Mk2,1996,2005
1863,16,Galant,A50,1969,1973
1864,16,Galant,A112,1974,1976
1865,16,Galant,A120,1977,1982
1866,16,Galant,A160,1983,1987
1867,16,Galant,E31,1988,1993
1868,16,Galant,E52,1994,1997
1869,16,Galant,EA1,1998,2003
1870,16,Galant,PS,2004,2012
1871,16,Lancer,A70,1973,1979
1872,16,Lancer,EX,1980,1987
1873,16,Lancer,Mk6,2002,2007
1874,16,Lancer,Mk7,2008,2017
1875,16,Lancer,Mk8,2018,2022
1876,16,Outlander Sport,GA,2010,2022
1877,16,Eclipse Cross,GK,2018,2022
1878,16,Outlander,CU,2003,2006
1879,16,Outlander,CW,2007,2013
1880,16,Outlander,GF,2014,2021
1881,16,Outlander,T33,2022,2022
1882,16,Endeavor,PS,2004,2011
1883,16,Montero Sport,K80,1996,2008
1884,16,Montero Sport,KG,2009,2015
1885,16,Montero Sport,KR,2016,2022
1886,16,Montero,L040,1982,1991
1887,16,Montero,V20,1992,1999
1888,16,Montero,V60,2000,2006
1889,16,Montero,V80,2007,2017
1890,16,Mighty Max,L020,1979,1986
1891,16,Mighty Max,K00,1987,1996
1892,16,L200,KA,2005,2014
1893,16,L200,KJ,2015,2022
1894,16,Raider,ND,2006,2009
1895,17,B1600,Mk2,1972,1975
1896,17,Rotary Pickup,Mk2,1974,1977
1897,17,B1800,Mk2,1975,1977
1898,17,B1800,PE,1977,1979
1899,17,B2000,PE,1980,1985
1900,17,B2000,UF,1986,1994
1901,17,B-Series,UN,1995,2002
1902,17,Truck,UN,2002,2010
1903,17,GLC,FA4,1977,1980
1904,17,GLC,BD,1981,1985
1905,17,323,BF,1986,1989
1906,17,323,BG,1990,1994
1907,17,Protege,BG,1990,1994
1908,17,Protege,BH,1995,1998
1909,17,Protege,BJ,1999,2003
1910,17,Protege5,BJ,1999,2003
1911,17,R100,SU,1970,1971
1912,17,1200,SU,1971,1973
1913,17,616,SU,1971,1973
1914,17,1800,SU,1971,1973
1915,17,RX-4,LA2,1974,1978
1916,17,929,LA2,1973,1977
1917,17,929,LA4,1978,1981
1918,17,929,HB,1982,1986
1919,17,929,HC,1987,1991
1920,17,626,CB,1978,1982
1921,17,626,GC,1983,1987
1922,17,626,GD,1988,1992
1923,17,626,GE,1993,1997
1924,17,626,GF,1998,2002
1925,17,MX-6,GD,1988,1992
1926,17,MX-6,GE,1993,1997
1927,17,808,808,1972,1977
1928,17,RX-7,FB,1978,1985
1929,17,RX-7,FC3S,1986,1992
1930,17,RX-7,FD3S,1993,2002
1931,17,MPV,LV,1988,1999
1932,17,MPV,LW,2000,2006
1933,17,MPV,LY,2007,2016
1934,17,MX-3,EC,1991,1998
1935,17,MX-30,DR,2020,2022
1936,17,Navajo,UN46,1991,1994
1937,17,Millenia,T,1995,2002
1938,17,Mazda5,CR,2004,2010
1939,17,Mazda5,CW,2011,2018
1940,17,Tribute,EP,2000,2007
1941,17,Tribute,CD2,2008,2011
1942,17,RX-8,SE3P,2003,2012
1943,17,CX-7,ER,2007,2012
1944,17,CX-9,TB,2006,2016
1945,17,CX-9,TC,2017,2022
1946,17,CX-8,KG,2017,2022
1947,17,CX-5,KE,2012,2017
1948,17,CX-5,KF,2018,2022
1949,17,CX-30,DM,2019,2022
1950,17,CX-3,DK,2016,2022
1951,17,MX-5,NA,1990,1998
1952,17,MX-5,NB,1999,2005
1953,17,MX-5,NC,2006,2015
1954,17,MX-5,ND,2016,2022
1955,17,Mazda6,GG1,2002,2007
1956,17,Mazda6,GH1,2008,2012
1957,17,Mazda6,GJ1,2013,2022
1958,17,Mazdaspeed6,GG1,2005,2007
1959,17,Mazda3,BK,2003,2008
1960,17,Mazda3,BL,2009,2013
1961,17,Mazda3,BM,2014,2019
1962,17,Mazda3,BP,2020,2022
1963,17,Mazdaspeed3,BK,2007,2009
1964,17,Mazdaspeed3,BL,2010,2013
1965,17,Mazda2,DW,1996,2002
1966,17,Mazda2,DY,2003,2007
1967,17,Mazda2,DE,2008,2014
1968,17,Mazda2,DJ,2015,2022
1969,18,Forsa,SA,1985,1988
1970,18,Swift,SF,1989,2004
1971,18,Esteem,SY,1995,2002
1972,18,Aerio,SX,2001,2007
1973,18,SX4,GY,2007,2013
1974,18,Forenza,J200,2003,2008
1975,18,Reno,J200,2003,2008
1976,18,Verona,V100,2000,2006
1977,18,Kizashi,SE,2010,2013
1978,18,Samurai,SJ410,1986,1995
1979,18,X-90,X90,1995,1997
1980,18,Vitara,ET,1992,1998
1981,18,Vitara,FT,1999,2005
1982,18,XL-7,XL7,1999,2006
1983,18,XL7,XL7,2007,2009
1984,18,Equator,Mk1,2008,2012
1985,19,Opel,Mk1,1976,1979
1986,19,I-Mark,Mk1,1981,1984
1987,19,I-Mark,Mk2,1985,1989
1988,19,Impulse,JR120,1983,1989
1989,19,Impulse,Mk3,1990,1993
1990,19,Amigo,UCS55,1989,1994
1991,19,Rodeo,UCS55,1991,1998
1992,19,Amigo,UER25FW,1999,2004
1993,19,Rodeo,UER25FW,1999,2004
1994,19,VehiCROSS,UGS250,1997,2001
1995,19,Trooper,Mk1,1981,1990
1996,19,Trooper,Mk2,1991,2002
1997,19,Ascender,GMT360,2003,2008
1998,19,Axiom,Mk1,2002,2004
1999,19,P'up,GMT325,1980,1987
2000,19,Pickup,TF,1988,2002
2001,19,Hombre,S10,1996,2000
2002,19,i-series,Mk1,2006,2008
